{
  "feature_scaler": {
    "center_": [
      2020.0,
      569.0,
      287.5,
      279.5,
      31.0,
      27.0,
      25.0,
      25.0,
      34.0,
      37.0,
      40.0,
      41.0,
      0.0,
      38.0,
      36.0,
      34.0,
      29.0,
      26.0,
      22.0,
      17.0,
      11.0,
      6.0,
      0.0,
      0.0,
      0.0,
      0.05393823994482172,
      0.05584389873056851,
      0.05555555555555555,
      0.05324491910683246,
      0.05747126436781609,
      0.06060606060606061,
      0.06730527759533284,
      0.07120741372124313,
      0.0,
      0.06685434885112351,
      0.0646175442444129,
      0.06111002470115598,
      0.05518583084277999,
      0.04950495049504951,
      0.04176217577172231,
      0.03529411764705882,
      0.022632289683994854,
      0.011972066505287298,
      0.0,
      85.0,
      0.16798437500000002,
      63.0,
      0.13453378388804024,
      345.0,
      0.5846940815782458,
      1.0161031013380355,
      0.0,
      0.0,
      417.0,
      0.0,
      0.0,
      0.0
    ],
    "scale_": [
      4.0,
      981.0,
      488.0,
      490.75,
      60.0,
      56.0,
      51.0,
      46.0,
      66.0,
      89.0,
      95.0,
      83.0,
      6.0,
      71.0,
      64.0,
      58.0,
      49.0,
      43.0,
      37.0,
      31.0,
      22.0,
      16.0,
      9.0,
      14.0,
      14.0,
      0.030207257655418818,
      0.04139603402413848,
      0.046243303413276635,
      0.042442988529436704,
      0.030461025765162186,
      0.05156148584610467,
      0.05150917543158923,
      0.034815248648735884,
      0.006650043093605204,
      0.02612186317315012,
      0.027172239523587313,
      0.02727791237534309,
      0.02905935083335367,
      0.030913573341657202,
      0.03190850506523351,
      0.032780462322058244,
      0.027733346204561717,
      0.023308788668958164,
      0.012289130166225137,
      168.0,
      0.09826219401448402,
      121.0,
      0.11228937217682586,
      652.0,
      0.11099779687036915,
      0.15128954639863523,
      0.02887858729057255,
      13.0,
      972.75,
      0.02041940516786253,
      8.0,
      37.0
    ]
  },
  "target_scaler": {
    "center_": [
      5.0
    ],
    "scale_": [
      44.0
    ]
  }
}