kommunenummer,name,records,grunnkretser,years,population
1127,Randaberg,81,9,9,1245.4197530864199
301,Oslo,5253,615,9,1178.5313888352327
1144,Kvitsøy,63,7,9,75.23809523809524
1838,Gildeskål,243,27,9,75.56652360515021
